"","season","stage","date","home_team_goal","away_team_goal","home_team","away_team"
"1","2014/2015",1,"2014-08-16 00:00:00",2,1,"Arsenal","Crystal Palace"
"2","2014/2015",1,"2014-08-18 00:00:00",1,3,"Burnley","Chelsea"
"3","2014/2015",1,"2014-08-16 00:00:00",2,2,"Leicester City","Everton"
"4","2014/2015",1,"2014-08-17 00:00:00",2,1,"Liverpool","Southampton"
"5","2014/2015",1,"2014-08-16 00:00:00",1,2,"Manchester United","Swansea City"
"6","2014/2015",1,"2014-08-17 00:00:00",0,2,"Newcastle United","Manchester City"
"7","2014/2015",1,"2014-08-16 00:00:00",0,1,"Queens Park Rangers","Hull City"
"8","2014/2015",1,"2014-08-16 00:00:00",0,1,"Stoke City","Aston Villa"
"9","2014/2015",1,"2014-08-16 00:00:00",2,2,"West Bromwich Albion","Sunderland"
"10","2014/2015",1,"2014-08-16 00:00:00",0,1,"West Ham United","Tottenham Hotspur"
"11","2014/2015",10,"2014-11-01 00:00:00",3,0,"Arsenal","Burnley"
"12","2014/2015",10,"2014-11-02 00:00:00",1,2,"Aston Villa","Tottenham Hotspur"
"13","2014/2015",10,"2014-11-01 00:00:00",2,1,"Chelsea","Queens Park Rangers"
"14","2014/2015",10,"2014-11-03 00:00:00",1,3,"Crystal Palace","Sunderland"
"15","2014/2015",10,"2014-11-01 00:00:00",0,0,"Everton","Swansea City"
"16","2014/2015",10,"2014-11-01 00:00:00",0,1,"Hull City","Southampton"
"17","2014/2015",10,"2014-11-01 00:00:00",0,1,"Leicester City","West Bromwich Albion"
"18","2014/2015",10,"2014-11-02 00:00:00",1,0,"Manchester City","Manchester United"
"19","2014/2015",10,"2014-11-01 00:00:00",1,0,"Newcastle United","Liverpool"
"20","2014/2015",10,"2014-11-01 00:00:00",2,2,"Stoke City","West Ham United"
"21","2014/2015",11,"2014-11-08 00:00:00",1,0,"Burnley","Hull City"
"22","2014/2015",11,"2014-11-08 00:00:00",1,2,"Liverpool","Chelsea"
"23","2014/2015",11,"2014-11-08 00:00:00",1,0,"Manchester United","Crystal Palace"
"24","2014/2015",11,"2014-11-08 00:00:00",2,2,"Queens Park Rangers","Manchester City"
"25","2014/2015",11,"2014-11-08 00:00:00",2,0,"Southampton","Leicester City"
"26","2014/2015",11,"2014-11-09 00:00:00",1,1,"Sunderland","Everton"
"27","2014/2015",11,"2014-11-09 00:00:00",2,1,"Swansea City","Arsenal"
"28","2014/2015",11,"2014-11-09 00:00:00",1,2,"Tottenham Hotspur","Stoke City"
"29","2014/2015",11,"2014-11-09 00:00:00",0,2,"West Bromwich Albion","Newcastle United"
"30","2014/2015",11,"2014-11-08 00:00:00",0,0,"West Ham United","Aston Villa"
"31","2014/2015",12,"2014-11-22 00:00:00",1,2,"Arsenal","Manchester United"
"32","2014/2015",12,"2014-11-24 00:00:00",1,1,"Aston Villa","Southampton"
"33","2014/2015",12,"2014-11-22 00:00:00",2,0,"Chelsea","West Bromwich Albion"
"34","2014/2015",12,"2014-11-23 00:00:00",3,1,"Crystal Palace","Liverpool"
"35","2014/2015",12,"2014-11-22 00:00:00",2,1,"Everton","West Ham United"
"36","2014/2015",12,"2014-11-23 00:00:00",1,2,"Hull City","Tottenham Hotspur"
"37","2014/2015",12,"2014-11-22 00:00:00",0,0,"Leicester City","Sunderland"
"38","2014/2015",12,"2014-11-22 00:00:00",2,1,"Manchester City","Swansea City"
"39","2014/2015",12,"2014-11-22 00:00:00",1,0,"Newcastle United","Queens Park Rangers"
"40","2014/2015",12,"2014-11-22 00:00:00",1,2,"Stoke City","Burnley"
"41","2014/2015",13,"2014-11-29 00:00:00",1,1,"Burnley","Aston Villa"
"42","2014/2015",13,"2014-11-29 00:00:00",1,0,"Liverpool","Stoke City"
"43","2014/2015",13,"2014-11-29 00:00:00",3,0,"Manchester United","Hull City"
"44","2014/2015",13,"2014-11-29 00:00:00",3,2,"Queens Park Rangers","Leicester City"
"45","2014/2015",13,"2014-11-30 00:00:00",0,3,"Southampton","Manchester City"
"46","2014/2015",13,"2014-11-29 00:00:00",0,0,"Sunderland","Chelsea"
"47","2014/2015",13,"2014-11-29 00:00:00",1,1,"Swansea City","Crystal Palace"
"48","2014/2015",13,"2014-11-30 00:00:00",2,1,"Tottenham Hotspur","Everton"
"49","2014/2015",13,"2014-11-29 00:00:00",0,1,"West Bromwich Albion","Arsenal"
"50","2014/2015",13,"2014-11-29 00:00:00",1,0,"West Ham United","Newcastle United"
"51","2014/2015",14,"2014-12-03 00:00:00",1,0,"Arsenal","Southampton"
"52","2014/2015",14,"2014-12-02 00:00:00",1,1,"Burnley","Newcastle United"
"53","2014/2015",14,"2014-12-02 00:00:00",1,3,"Leicester City","Liverpool"
"54","2014/2015",14,"2014-12-02 00:00:00",2,1,"Manchester United","Stoke City"
"55","2014/2015",14,"2014-12-02 00:00:00",2,0,"Swansea City","Queens Park Rangers"
"56","2014/2015",14,"2014-12-02 00:00:00",0,1,"Crystal Palace","Aston Villa"
"57","2014/2015",14,"2014-12-02 00:00:00",1,2,"West Bromwich Albion","West Ham United"
"58","2014/2015",14,"2014-12-03 00:00:00",3,0,"Chelsea","Tottenham Hotspur"
"59","2014/2015",14,"2014-12-03 00:00:00",1,1,"Everton","Hull City"
"60","2014/2015",14,"2014-12-03 00:00:00",1,4,"Sunderland","Manchester City"
"61","2014/2015",15,"2014-12-07 00:00:00",2,1,"Aston Villa","Leicester City"
"62","2014/2015",15,"2014-12-06 00:00:00",0,0,"Hull City","West Bromwich Albion"
"63","2014/2015",15,"2014-12-06 00:00:00",0,0,"Liverpool","Sunderland"
"64","2014/2015",15,"2014-12-06 00:00:00",1,0,"Manchester City","Everton"
"65","2014/2015",15,"2014-12-06 00:00:00",2,1,"Newcastle United","Chelsea"
"66","2014/2015",15,"2014-12-06 00:00:00",2,0,"Queens Park Rangers","Burnley"
"67","2014/2015",15,"2014-12-08 00:00:00",1,2,"Southampton","Manchester United"
"68","2014/2015",15,"2014-12-06 00:00:00",3,2,"Stoke City","Arsenal"
"69","2014/2015",15,"2014-12-06 00:00:00",0,0,"Tottenham Hotspur","Crystal Palace"
"70","2014/2015",15,"2014-12-07 00:00:00",3,1,"West Ham United","Swansea City"
"71","2014/2015",16,"2014-12-13 00:00:00",4,1,"Arsenal","Newcastle United"
"72","2014/2015",16,"2014-12-13 00:00:00",1,0,"Burnley","Southampton"
"73","2014/2015",16,"2014-12-13 00:00:00",2,0,"Chelsea","Hull City"
"74","2014/2015",16,"2014-12-13 00:00:00",1,1,"Crystal Palace","Stoke City"
"75","2014/2015",16,"2014-12-15 00:00:00",3,1,"Everton","Queens Park Rangers"
"76","2014/2015",16,"2014-12-13 00:00:00",0,1,"Leicester City","Manchester City"
"77","2014/2015",16,"2014-12-14 00:00:00",3,0,"Manchester United","Liverpool"
"78","2014/2015",16,"2014-12-13 00:00:00",1,1,"Sunderland","West Ham United"
"79","2014/2015",16,"2014-12-14 00:00:00",1,2,"Swansea City","Tottenham Hotspur"
"80","2014/2015",16,"2014-12-13 00:00:00",1,0,"West Bromwich Albion","Aston Villa"
"81","2014/2015",17,"2014-12-20 00:00:00",1,1,"Aston Villa","Manchester United"
"82","2014/2015",17,"2014-12-20 00:00:00",0,1,"Hull City","Swansea City"
"83","2014/2015",17,"2014-12-21 00:00:00",2,2,"Liverpool","Arsenal"
"84","2014/2015",17,"2014-12-20 00:00:00",3,0,"Manchester City","Crystal Palace"
"85","2014/2015",17,"2014-12-21 00:00:00",0,1,"Newcastle United","Sunderland"
"86","2014/2015",17,"2014-12-20 00:00:00",3,2,"Queens Park Rangers","West Bromwich Albion"
"87","2014/2015",17,"2014-12-20 00:00:00",3,0,"Southampton","Everton"
"88","2014/2015",17,"2014-12-22 00:00:00",0,2,"Stoke City","Chelsea"
"89","2014/2015",17,"2014-12-20 00:00:00",2,1,"Tottenham Hotspur","Burnley"
"90","2014/2015",17,"2014-12-20 00:00:00",2,0,"West Ham United","Leicester City"
"91","2014/2015",18,"2014-12-26 00:00:00",2,1,"Arsenal","Queens Park Rangers"
"92","2014/2015",18,"2014-12-26 00:00:00",0,1,"Burnley","Liverpool"
"93","2014/2015",18,"2014-12-26 00:00:00",2,0,"Chelsea","West Ham United"
"94","2014/2015",18,"2014-12-26 00:00:00",1,3,"Crystal Palace","Southampton"
"95","2014/2015",18,"2014-12-26 00:00:00",0,1,"Everton","Stoke City"
"96","2014/2015",18,"2014-12-26 00:00:00",1,2,"Leicester City","Tottenham Hotspur"
"97","2014/2015",18,"2014-12-26 00:00:00",3,1,"Manchester United","Newcastle United"
"98","2014/2015",18,"2014-12-26 00:00:00",1,3,"Sunderland","Hull City"
"99","2014/2015",18,"2014-12-26 00:00:00",1,0,"Swansea City","Aston Villa"
"100","2014/2015",18,"2014-12-26 00:00:00",1,3,"West Bromwich Albion","Manchester City"
"101","2014/2015",19,"2014-12-28 00:00:00",0,0,"Aston Villa","Sunderland"
"102","2014/2015",19,"2014-12-28 00:00:00",0,1,"Hull City","Leicester City"
"103","2014/2015",19,"2014-12-29 00:00:00",4,1,"Liverpool","Swansea City"
"104","2014/2015",19,"2014-12-28 00:00:00",2,2,"Manchester City","Burnley"
"105","2014/2015",19,"2014-12-28 00:00:00",3,2,"Newcastle United","Everton"
"106","2014/2015",19,"2014-12-28 00:00:00",0,0,"Queens Park Rangers","Crystal Palace"
"107","2014/2015",19,"2014-12-28 00:00:00",1,1,"Southampton","Chelsea"
"108","2014/2015",19,"2014-12-28 00:00:00",2,0,"Stoke City","West Bromwich Albion"
"109","2014/2015",19,"2014-12-28 00:00:00",0,0,"Tottenham Hotspur","Manchester United"
"110","2014/2015",19,"2014-12-28 00:00:00",1,2,"West Ham United","Arsenal"
"111","2014/2015",2,"2014-08-23 00:00:00",0,0,"Aston Villa","Newcastle United"
"112","2014/2015",2,"2014-08-23 00:00:00",2,0,"Chelsea","Leicester City"
"113","2014/2015",2,"2014-08-23 00:00:00",1,3,"Crystal Palace","West Ham United"
"114","2014/2015",2,"2014-08-23 00:00:00",2,2,"Everton","Arsenal"
"115","2014/2015",2,"2014-08-24 00:00:00",1,1,"Hull City","Stoke City"
"116","2014/2015",2,"2014-08-25 00:00:00",3,1,"Manchester City","Liverpool"
"117","2014/2015",2,"2014-08-23 00:00:00",0,0,"Southampton","West Bromwich Albion"
"118","2014/2015",2,"2014-08-24 00:00:00",1,1,"Sunderland","Manchester United"
"119","2014/2015",2,"2014-08-23 00:00:00",1,0,"Swansea City","Burnley"
"120","2014/2015",2,"2014-08-24 00:00:00",4,0,"Tottenham Hotspur","Queens Park Rangers"
"121","2014/2015",20,"2015-01-01 00:00:00",0,0,"Aston Villa","Crystal Palace"
"122","2014/2015",20,"2015-01-01 00:00:00",2,0,"Hull City","Everton"
"123","2014/2015",20,"2015-01-01 00:00:00",2,2,"Liverpool","Leicester City"
"124","2014/2015",20,"2015-01-01 00:00:00",3,2,"Manchester City","Sunderland"
"125","2014/2015",20,"2015-01-01 00:00:00",3,3,"Newcastle United","Burnley"
"126","2014/2015",20,"2015-01-01 00:00:00",1,1,"Queens Park Rangers","Swansea City"
"127","2014/2015",20,"2015-01-01 00:00:00",2,0,"Southampton","Arsenal"
"128","2014/2015",20,"2015-01-01 00:00:00",1,1,"Stoke City","Manchester United"
"129","2014/2015",20,"2015-01-01 00:00:00",5,3,"Tottenham Hotspur","Chelsea"
"130","2014/2015",20,"2015-01-01 00:00:00",1,1,"West Ham United","West Bromwich Albion"
"131","2014/2015",21,"2015-01-11 00:00:00",3,0,"Arsenal","Stoke City"
"132","2014/2015",21,"2015-01-10 00:00:00",2,1,"Burnley","Queens Park Rangers"
"133","2014/2015",21,"2015-01-10 00:00:00",2,0,"Chelsea","Newcastle United"
"134","2014/2015",21,"2015-01-10 00:00:00",2,1,"Crystal Palace","Tottenham Hotspur"
"135","2014/2015",21,"2015-01-10 00:00:00",1,1,"Everton","Manchester City"
"136","2014/2015",21,"2015-01-10 00:00:00",1,0,"Leicester City","Aston Villa"
"137","2014/2015",21,"2015-01-11 00:00:00",0,1,"Manchester United","Southampton"
"138","2014/2015",21,"2015-01-10 00:00:00",0,1,"Sunderland","Liverpool"
"139","2014/2015",21,"2015-01-10 00:00:00",1,1,"Swansea City","West Ham United"
"140","2014/2015",21,"2015-01-10 00:00:00",1,0,"West Bromwich Albion","Hull City"
"141","2014/2015",22,"2015-01-17 00:00:00",0,2,"Aston Villa","Liverpool"
"142","2014/2015",22,"2015-01-17 00:00:00",2,3,"Burnley","Crystal Palace"
"143","2014/2015",22,"2015-01-19 00:00:00",0,0,"Everton","West Bromwich Albion"
"144","2014/2015",22,"2015-01-17 00:00:00",0,1,"Leicester City","Stoke City"
"145","2014/2015",22,"2015-01-18 00:00:00",0,2,"Manchester City","Arsenal"
"146","2014/2015",22,"2015-01-17 00:00:00",1,2,"Newcastle United","Southampton"
"147","2014/2015",22,"2015-01-17 00:00:00",0,2,"Queens Park Rangers","Manchester United"
"148","2014/2015",22,"2015-01-17 00:00:00",0,5,"Swansea City","Chelsea"
"149","2014/2015",22,"2015-01-17 00:00:00",2,1,"Tottenham Hotspur","Sunderland"
"150","2014/2015",22,"2015-01-18 00:00:00",3,0,"West Ham United","Hull City"
"151","2014/2015",23,"2015-02-01 00:00:00",5,0,"Arsenal","Aston Villa"
"152","2014/2015",23,"2015-01-31 00:00:00",1,1,"Chelsea","Manchester City"
"153","2014/2015",23,"2015-01-31 00:00:00",0,1,"Crystal Palace","Everton"
"154","2014/2015",23,"2015-01-31 00:00:00",0,3,"Hull City","Newcastle United"
"155","2014/2015",23,"2015-01-31 00:00:00",2,0,"Liverpool","West Ham United"
"156","2014/2015",23,"2015-01-31 00:00:00",3,1,"Manchester United","Leicester City"
"157","2014/2015",23,"2015-02-01 00:00:00",0,1,"Southampton","Swansea City"
"158","2014/2015",23,"2015-01-31 00:00:00",3,1,"Stoke City","Queens Park Rangers"
"159","2014/2015",23,"2015-01-31 00:00:00",2,0,"Sunderland","Burnley"
"160","2014/2015",23,"2015-01-31 00:00:00",0,3,"West Bromwich Albion","Tottenham Hotspur"
"161","2014/2015",24,"2015-02-07 00:00:00",1,2,"Aston Villa","Chelsea"
"162","2014/2015",24,"2015-02-08 00:00:00",2,2,"Burnley","West Bromwich Albion"
"163","2014/2015",24,"2015-02-07 00:00:00",0,0,"Everton","Liverpool"
"164","2014/2015",24,"2015-02-07 00:00:00",0,1,"Leicester City","Crystal Palace"
"165","2014/2015",24,"2015-02-07 00:00:00",1,1,"Manchester City","Hull City"
"166","2014/2015",24,"2015-02-08 00:00:00",1,1,"Newcastle United","Stoke City"
"167","2014/2015",24,"2015-02-07 00:00:00",0,1,"Queens Park Rangers","Southampton"
"168","2014/2015",24,"2015-02-07 00:00:00",1,1,"Swansea City","Sunderland"
"169","2014/2015",24,"2015-02-07 00:00:00",2,1,"Tottenham Hotspur","Arsenal"
"170","2014/2015",24,"2015-02-08 00:00:00",1,1,"West Ham United","Manchester United"
"171","2014/2015",25,"2015-02-10 00:00:00",2,1,"Arsenal","Leicester City"
"172","2014/2015",25,"2015-02-10 00:00:00",2,0,"Hull City","Aston Villa"
"173","2014/2015",25,"2015-02-11 00:00:00",3,1,"Manchester United","Burnley"
"174","2014/2015",25,"2015-02-11 00:00:00",0,0,"Southampton","West Ham United"
"175","2014/2015",25,"2015-02-11 00:00:00",1,1,"Crystal Palace","Newcastle United"
"176","2014/2015",25,"2015-02-10 00:00:00",3,2,"Liverpool","Tottenham Hotspur"
"177","2014/2015",25,"2015-02-11 00:00:00",2,0,"West Bromwich Albion","Swansea City"
"178","2014/2015",25,"2015-02-11 00:00:00",1,0,"Chelsea","Everton"
"179","2014/2015",25,"2015-02-11 00:00:00",1,4,"Stoke City","Manchester City"
"180","2014/2015",25,"2015-02-10 00:00:00",0,2,"Sunderland","Queens Park Rangers"
"181","2014/2015",26,"2015-02-21 00:00:00",1,2,"Aston Villa","Stoke City"
"182","2014/2015",26,"2015-02-21 00:00:00",1,1,"Chelsea","Burnley"
"183","2014/2015",26,"2015-02-21 00:00:00",1,2,"Crystal Palace","Arsenal"
"184","2014/2015",26,"2015-02-22 00:00:00",2,2,"Everton","Leicester City"
"185","2014/2015",26,"2015-02-21 00:00:00",2,1,"Hull City","Queens Park Rangers"
"186","2014/2015",26,"2015-02-21 00:00:00",5,0,"Manchester City","Newcastle United"
"187","2014/2015",26,"2015-02-22 00:00:00",0,2,"Southampton","Liverpool"
"188","2014/2015",26,"2015-02-21 00:00:00",0,0,"Sunderland","West Bromwich Albion"
"189","2014/2015",26,"2015-02-21 00:00:00",2,1,"Swansea City","Manchester United"
"190","2014/2015",26,"2015-02-22 00:00:00",2,2,"Tottenham Hotspur","West Ham United"
"191","2014/2015",27,"2015-03-01 00:00:00",2,0,"Arsenal","Everton"
"192","2014/2015",27,"2015-02-28 00:00:00",0,1,"Burnley","Swansea City"
"193","2014/2015",27,"2015-04-29 00:00:00",1,3,"Leicester City","Chelsea"
"194","2014/2015",27,"2015-03-01 00:00:00",2,1,"Liverpool","Manchester City"
"195","2014/2015",27,"2015-02-28 00:00:00",2,0,"Manchester United","Sunderland"
"196","2014/2015",27,"2015-02-28 00:00:00",1,0,"Newcastle United","Aston Villa"
"197","2014/2015",27,"2015-03-07 00:00:00",1,2,"Queens Park Rangers","Tottenham Hotspur"
"198","2014/2015",27,"2015-02-28 00:00:00",1,0,"Stoke City","Hull City"
"199","2014/2015",27,"2015-02-28 00:00:00",1,0,"West Bromwich Albion","Southampton"
"200","2014/2015",27,"2015-02-28 00:00:00",1,3,"West Ham United","Crystal Palace"
"201","2014/2015",28,"2015-03-03 00:00:00",2,1,"Aston Villa","West Bromwich Albion"
"202","2014/2015",28,"2015-03-03 00:00:00",1,1,"Hull City","Sunderland"
"203","2014/2015",28,"2015-03-04 00:00:00",1,2,"Queens Park Rangers","Arsenal"
"204","2014/2015",28,"2015-03-03 00:00:00",1,0,"Southampton","Crystal Palace"
"205","2014/2015",28,"2015-03-04 00:00:00",0,1,"West Ham United","Chelsea"
"206","2014/2015",28,"2015-03-04 00:00:00",2,0,"Liverpool","Burnley"
"207","2014/2015",28,"2015-03-04 00:00:00",2,0,"Manchester City","Leicester City"
"208","2014/2015",28,"2015-03-04 00:00:00",0,1,"Newcastle United","Manchester United"
"209","2014/2015",28,"2015-03-04 00:00:00",2,0,"Stoke City","Everton"
"210","2014/2015",28,"2015-03-04 00:00:00",3,2,"Tottenham Hotspur","Swansea City"
"211","2014/2015",29,"2015-03-14 00:00:00",3,0,"Arsenal","West Ham United"
"212","2014/2015",29,"2015-03-14 00:00:00",1,0,"Burnley","Manchester City"
"213","2014/2015",29,"2015-03-15 00:00:00",1,1,"Chelsea","Southampton"
"214","2014/2015",29,"2015-03-14 00:00:00",3,1,"Crystal Palace","Queens Park Rangers"
"215","2014/2015",29,"2015-03-15 00:00:00",3,0,"Everton","Newcastle United"
"216","2014/2015",29,"2015-03-14 00:00:00",0,0,"Leicester City","Hull City"
"217","2014/2015",29,"2015-03-15 00:00:00",3,0,"Manchester United","Tottenham Hotspur"
"218","2014/2015",29,"2015-03-14 00:00:00",0,4,"Sunderland","Aston Villa"
"219","2014/2015",29,"2015-03-16 00:00:00",0,1,"Swansea City","Liverpool"
"220","2014/2015",29,"2015-03-14 00:00:00",1,0,"West Bromwich Albion","Stoke City"
"221","2014/2015",3,"2014-08-31 00:00:00",2,1,"Aston Villa","Hull City"
"222","2014/2015",3,"2014-08-30 00:00:00",0,0,"Burnley","Manchester United"
"223","2014/2015",3,"2014-08-30 00:00:00",3,6,"Everton","Chelsea"
"224","2014/2015",3,"2014-08-31 00:00:00",1,1,"Leicester City","Arsenal"
"225","2014/2015",3,"2014-08-30 00:00:00",0,1,"Manchester City","Stoke City"
"226","2014/2015",3,"2014-08-30 00:00:00",3,3,"Newcastle United","Crystal Palace"
"227","2014/2015",3,"2014-08-30 00:00:00",1,0,"Queens Park Rangers","Sunderland"
"228","2014/2015",3,"2014-08-30 00:00:00",3,0,"Swansea City","West Bromwich Albion"
"229","2014/2015",3,"2014-08-31 00:00:00",0,3,"Tottenham Hotspur","Liverpool"
"230","2014/2015",3,"2014-08-30 00:00:00",1,3,"West Ham United","Southampton"
"231","2014/2015",30,"2015-03-21 00:00:00",0,1,"Aston Villa","Swansea City"
"232","2014/2015",30,"2015-03-22 00:00:00",2,3,"Hull City","Chelsea"
"233","2014/2015",30,"2015-03-22 00:00:00",1,2,"Liverpool","Manchester United"
"234","2014/2015",30,"2015-03-21 00:00:00",3,0,"Manchester City","West Bromwich Albion"
"235","2014/2015",30,"2015-03-21 00:00:00",1,2,"Newcastle United","Arsenal"
"236","2014/2015",30,"2015-03-22 00:00:00",1,2,"Queens Park Rangers","Everton"
"237","2014/2015",30,"2015-03-21 00:00:00",2,0,"Southampton","Burnley"
"238","2014/2015",30,"2015-03-21 00:00:00",1,2,"Stoke City","Crystal Palace"
"239","2014/2015",30,"2015-03-21 00:00:00",4,3,"Tottenham Hotspur","Leicester City"
"240","2014/2015",30,"2015-03-21 00:00:00",1,0,"West Ham United","Sunderland"
"241","2014/2015",31,"2015-04-04 00:00:00",4,1,"Arsenal","Liverpool"
"242","2014/2015",31,"2015-04-05 00:00:00",0,0,"Burnley","Tottenham Hotspur"
"243","2014/2015",31,"2015-04-04 00:00:00",2,1,"Chelsea","Stoke City"
"244","2014/2015",31,"2015-04-06 00:00:00",2,1,"Crystal Palace","Manchester City"
"245","2014/2015",31,"2015-04-04 00:00:00",1,0,"Everton","Southampton"
"246","2014/2015",31,"2015-04-04 00:00:00",2,1,"Leicester City","West Ham United"
"247","2014/2015",31,"2015-04-04 00:00:00",3,1,"Manchester United","Aston Villa"
"248","2014/2015",31,"2015-04-05 00:00:00",1,0,"Sunderland","Newcastle United"
"249","2014/2015",31,"2015-04-04 00:00:00",3,1,"Swansea City","Hull City"
"250","2014/2015",31,"2015-04-04 00:00:00",1,4,"West Bromwich Albion","Queens Park Rangers"
"251","2014/2015",32,"2015-04-11 00:00:00",0,1,"Burnley","Arsenal"
"252","2014/2015",32,"2015-04-13 00:00:00",2,0,"Liverpool","Newcastle United"
"253","2014/2015",32,"2015-04-12 00:00:00",4,2,"Manchester United","Manchester City"
"254","2014/2015",32,"2015-04-12 00:00:00",0,1,"Queens Park Rangers","Chelsea"
"255","2014/2015",32,"2015-04-11 00:00:00",2,0,"Southampton","Hull City"
"256","2014/2015",32,"2015-04-11 00:00:00",1,4,"Sunderland","Crystal Palace"
"257","2014/2015",32,"2015-04-11 00:00:00",1,1,"Swansea City","Everton"
"258","2014/2015",32,"2015-04-11 00:00:00",0,1,"Tottenham Hotspur","Aston Villa"
"259","2014/2015",32,"2015-04-11 00:00:00",2,3,"West Bromwich Albion","Leicester City"
"260","2014/2015",32,"2015-04-11 00:00:00",1,1,"West Ham United","Stoke City"
"261","2014/2015",33,"2015-05-20 00:00:00",0,0,"Arsenal","Sunderland"
"262","2014/2015",33,"2015-04-07 00:00:00",3,3,"Aston Villa","Queens Park Rangers"
"263","2014/2015",33,"2015-04-18 00:00:00",1,0,"Chelsea","Manchester United"
"264","2014/2015",33,"2015-04-18 00:00:00",0,2,"Crystal Palace","West Bromwich Albion"
"265","2014/2015",33,"2015-04-18 00:00:00",1,0,"Everton","Burnley"
"266","2014/2015",33,"2015-04-28 00:00:00",1,0,"Hull City","Liverpool"
"267","2014/2015",33,"2015-04-18 00:00:00",2,0,"Leicester City","Swansea City"
"268","2014/2015",33,"2015-04-19 00:00:00",2,0,"Manchester City","West Ham United"
"269","2014/2015",33,"2015-04-19 00:00:00",1,3,"Newcastle United","Tottenham Hotspur"
"270","2014/2015",33,"2015-04-18 00:00:00",2,1,"Stoke City","Southampton"
"271","2014/2015",34,"2015-04-26 00:00:00",0,0,"Arsenal","Chelsea"
"272","2014/2015",34,"2015-04-25 00:00:00",0,1,"Burnley","Leicester City"
"273","2014/2015",34,"2015-04-25 00:00:00",0,2,"Crystal Palace","Hull City"
"274","2014/2015",34,"2015-04-26 00:00:00",3,0,"Everton","Manchester United"
"275","2014/2015",34,"2015-04-25 00:00:00",3,2,"Manchester City","Aston Villa"
"276","2014/2015",34,"2015-04-25 00:00:00",2,3,"Newcastle United","Swansea City"
"277","2014/2015",34,"2015-04-25 00:00:00",0,0,"Queens Park Rangers","West Ham United"
"278","2014/2015",34,"2015-04-25 00:00:00",2,2,"Southampton","Tottenham Hotspur"
"279","2014/2015",34,"2015-04-25 00:00:00",1,1,"Stoke City","Sunderland"
"280","2014/2015",34,"2015-04-25 00:00:00",0,0,"West Bromwich Albion","Liverpool"
"281","2014/2015",35,"2015-05-02 00:00:00",3,2,"Aston Villa","Everton"
"282","2014/2015",35,"2015-05-03 00:00:00",1,0,"Chelsea","Crystal Palace"
"283","2014/2015",35,"2015-05-04 00:00:00",1,3,"Hull City","Arsenal"
"284","2014/2015",35,"2015-05-02 00:00:00",3,0,"Leicester City","Newcastle United"
"285","2014/2015",35,"2015-05-02 00:00:00",2,1,"Liverpool","Queens Park Rangers"
"286","2014/2015",35,"2015-05-02 00:00:00",0,1,"Manchester United","West Bromwich Albion"
"287","2014/2015",35,"2015-05-02 00:00:00",2,1,"Sunderland","Southampton"
"288","2014/2015",35,"2015-05-02 00:00:00",2,0,"Swansea City","Stoke City"
"289","2014/2015",35,"2015-05-03 00:00:00",0,1,"Tottenham Hotspur","Manchester City"
"290","2014/2015",35,"2015-05-02 00:00:00",1,0,"West Ham United","Burnley"
"291","2014/2015",36,"2015-05-11 00:00:00",0,1,"Arsenal","Swansea City"
"292","2014/2015",36,"2015-05-09 00:00:00",1,0,"Aston Villa","West Ham United"
"293","2014/2015",36,"2015-05-10 00:00:00",1,1,"Chelsea","Liverpool"
"294","2014/2015",36,"2015-05-09 00:00:00",1,2,"Crystal Palace","Manchester United"
"295","2014/2015",36,"2015-05-09 00:00:00",0,2,"Everton","Sunderland"
"296","2014/2015",36,"2015-05-09 00:00:00",0,1,"Hull City","Burnley"
"297","2014/2015",36,"2015-05-09 00:00:00",2,0,"Leicester City","Southampton"
"298","2014/2015",36,"2015-05-10 00:00:00",6,0,"Manchester City","Queens Park Rangers"
"299","2014/2015",36,"2015-05-09 00:00:00",1,1,"Newcastle United","West Bromwich Albion"
"300","2014/2015",36,"2015-05-09 00:00:00",3,0,"Stoke City","Tottenham Hotspur"
"301","2014/2015",37,"2015-05-16 00:00:00",0,0,"Burnley","Stoke City"
"302","2014/2015",37,"2015-05-16 00:00:00",1,3,"Liverpool","Crystal Palace"
"303","2014/2015",37,"2015-05-17 00:00:00",1,1,"Manchester United","Arsenal"
"304","2014/2015",37,"2015-05-16 00:00:00",2,1,"Queens Park Rangers","Newcastle United"
"305","2014/2015",37,"2015-05-16 00:00:00",6,1,"Southampton","Aston Villa"
"306","2014/2015",37,"2015-05-16 00:00:00",0,0,"Sunderland","Leicester City"
"307","2014/2015",37,"2015-05-17 00:00:00",2,4,"Swansea City","Manchester City"
"308","2014/2015",37,"2015-05-16 00:00:00",2,0,"Tottenham Hotspur","Hull City"
"309","2014/2015",37,"2015-05-18 00:00:00",3,0,"West Bromwich Albion","Chelsea"
"310","2014/2015",37,"2015-05-16 00:00:00",1,2,"West Ham United","Everton"
"311","2014/2015",38,"2015-05-24 00:00:00",4,1,"Arsenal","West Bromwich Albion"
"312","2014/2015",38,"2015-05-24 00:00:00",0,1,"Aston Villa","Burnley"
"313","2014/2015",38,"2015-05-24 00:00:00",3,1,"Chelsea","Sunderland"
"314","2014/2015",38,"2015-05-24 00:00:00",1,0,"Crystal Palace","Swansea City"
"315","2014/2015",38,"2015-05-24 00:00:00",0,1,"Everton","Tottenham Hotspur"
"316","2014/2015",38,"2015-05-24 00:00:00",0,0,"Hull City","Manchester United"
"317","2014/2015",38,"2015-05-24 00:00:00",5,1,"Leicester City","Queens Park Rangers"
"318","2014/2015",38,"2015-05-24 00:00:00",2,0,"Manchester City","Southampton"
"319","2014/2015",38,"2015-05-24 00:00:00",2,0,"Newcastle United","West Ham United"
"320","2014/2015",38,"2015-05-24 00:00:00",6,1,"Stoke City","Liverpool"
"321","2014/2015",4,"2014-09-13 00:00:00",2,2,"Arsenal","Manchester City"
"322","2014/2015",4,"2014-09-13 00:00:00",4,2,"Chelsea","Swansea City"
"323","2014/2015",4,"2014-09-13 00:00:00",0,0,"Crystal Palace","Burnley"
"324","2014/2015",4,"2014-09-15 00:00:00",2,2,"Hull City","West Ham United"
"325","2014/2015",4,"2014-09-13 00:00:00",0,1,"Liverpool","Aston Villa"
"326","2014/2015",4,"2014-09-14 00:00:00",4,0,"Manchester United","Queens Park Rangers"
"327","2014/2015",4,"2014-09-13 00:00:00",4,0,"Southampton","Newcastle United"
"328","2014/2015",4,"2014-09-13 00:00:00",0,1,"Stoke City","Leicester City"
"329","2014/2015",4,"2014-09-13 00:00:00",2,2,"Sunderland","Tottenham Hotspur"
"330","2014/2015",4,"2014-09-13 00:00:00",0,2,"West Bromwich Albion","Everton"
"331","2014/2015",5,"2014-09-20 00:00:00",0,3,"Aston Villa","Arsenal"
"332","2014/2015",5,"2014-09-20 00:00:00",0,0,"Burnley","Sunderland"
"333","2014/2015",5,"2014-09-21 00:00:00",2,3,"Everton","Crystal Palace"
"334","2014/2015",5,"2014-09-21 00:00:00",5,3,"Leicester City","Manchester United"
"335","2014/2015",5,"2014-09-21 00:00:00",1,1,"Manchester City","Chelsea"
"336","2014/2015",5,"2014-09-20 00:00:00",2,2,"Newcastle United","Hull City"
"337","2014/2015",5,"2014-09-20 00:00:00",2,2,"Queens Park Rangers","Stoke City"
"338","2014/2015",5,"2014-09-20 00:00:00",0,1,"Swansea City","Southampton"
"339","2014/2015",5,"2014-09-21 00:00:00",0,1,"Tottenham Hotspur","West Bromwich Albion"
"340","2014/2015",5,"2014-09-20 00:00:00",3,1,"West Ham United","Liverpool"
"341","2014/2015",6,"2014-09-27 00:00:00",1,1,"Arsenal","Tottenham Hotspur"
"342","2014/2015",6,"2014-09-27 00:00:00",3,0,"Chelsea","Aston Villa"
"343","2014/2015",6,"2014-09-27 00:00:00",2,0,"Crystal Palace","Leicester City"
"344","2014/2015",6,"2014-09-27 00:00:00",2,4,"Hull City","Manchester City"
"345","2014/2015",6,"2014-09-27 00:00:00",1,1,"Liverpool","Everton"
"346","2014/2015",6,"2014-09-27 00:00:00",2,1,"Manchester United","West Ham United"
"347","2014/2015",6,"2014-09-27 00:00:00",2,1,"Southampton","Queens Park Rangers"
"348","2014/2015",6,"2014-09-29 00:00:00",1,0,"Stoke City","Newcastle United"
"349","2014/2015",6,"2014-09-27 00:00:00",0,0,"Sunderland","Swansea City"
"350","2014/2015",6,"2014-09-28 00:00:00",4,0,"West Bromwich Albion","Burnley"
"351","2014/2015",7,"2014-10-04 00:00:00",0,2,"Aston Villa","Manchester City"
"352","2014/2015",7,"2014-10-05 00:00:00",2,0,"Chelsea","Arsenal"
"353","2014/2015",7,"2014-10-04 00:00:00",2,0,"Hull City","Crystal Palace"
"354","2014/2015",7,"2014-10-04 00:00:00",2,2,"Leicester City","Burnley"
"355","2014/2015",7,"2014-10-04 00:00:00",2,1,"Liverpool","West Bromwich Albion"
"356","2014/2015",7,"2014-10-05 00:00:00",2,1,"Manchester United","Everton"
"357","2014/2015",7,"2014-10-04 00:00:00",3,1,"Sunderland","Stoke City"
"358","2014/2015",7,"2014-10-04 00:00:00",2,2,"Swansea City","Newcastle United"
"359","2014/2015",7,"2014-10-05 00:00:00",1,0,"Tottenham Hotspur","Southampton"
"360","2014/2015",7,"2014-10-05 00:00:00",2,0,"West Ham United","Queens Park Rangers"
"361","2014/2015",8,"2014-10-18 00:00:00",2,2,"Arsenal","Hull City"
"362","2014/2015",8,"2014-10-18 00:00:00",1,3,"Burnley","West Ham United"
"363","2014/2015",8,"2014-10-18 00:00:00",1,2,"Crystal Palace","Chelsea"
"364","2014/2015",8,"2014-10-18 00:00:00",3,0,"Everton","Aston Villa"
"365","2014/2015",8,"2014-10-18 00:00:00",4,1,"Manchester City","Tottenham Hotspur"
"366","2014/2015",8,"2014-10-18 00:00:00",1,0,"Newcastle United","Leicester City"
"367","2014/2015",8,"2014-10-19 00:00:00",2,3,"Queens Park Rangers","Liverpool"
"368","2014/2015",8,"2014-10-18 00:00:00",8,0,"Southampton","Sunderland"
"369","2014/2015",8,"2014-10-19 00:00:00",2,1,"Stoke City","Swansea City"
"370","2014/2015",8,"2014-10-20 00:00:00",2,2,"West Bromwich Albion","Manchester United"
"371","2014/2015",9,"2014-10-26 00:00:00",1,3,"Burnley","Everton"
"372","2014/2015",9,"2014-10-25 00:00:00",0,0,"Liverpool","Hull City"
"373","2014/2015",9,"2014-10-26 00:00:00",1,1,"Manchester United","Chelsea"
"374","2014/2015",9,"2014-10-27 00:00:00",2,0,"Queens Park Rangers","Aston Villa"
"375","2014/2015",9,"2014-10-25 00:00:00",1,0,"Southampton","Stoke City"
"376","2014/2015",9,"2014-10-25 00:00:00",0,2,"Sunderland","Arsenal"
"377","2014/2015",9,"2014-10-25 00:00:00",2,0,"Swansea City","Leicester City"
"378","2014/2015",9,"2014-10-26 00:00:00",1,2,"Tottenham Hotspur","Newcastle United"
"379","2014/2015",9,"2014-10-25 00:00:00",2,2,"West Bromwich Albion","Crystal Palace"
"380","2014/2015",9,"2014-10-25 00:00:00",2,1,"West Ham United","Manchester City"
"381","2015/2016",1,"2015-08-09 00:00:00",0,2,"Arsenal","West Ham United"
"382","2015/2016",1,"2015-08-08 00:00:00",0,1,"Bournemouth","Aston Villa"
"383","2015/2016",1,"2015-08-08 00:00:00",2,2,"Chelsea","Swansea City"
"384","2015/2016",1,"2015-08-08 00:00:00",2,2,"Everton","Watford"
"385","2015/2016",1,"2015-08-08 00:00:00",4,2,"Leicester City","Sunderland"
"386","2015/2016",1,"2015-08-08 00:00:00",1,0,"Manchester United","Tottenham Hotspur"
"387","2015/2016",1,"2015-08-09 00:00:00",2,2,"Newcastle United","Southampton"
"388","2015/2016",1,"2015-08-08 00:00:00",1,3,"Norwich City","Crystal Palace"
"389","2015/2016",1,"2015-08-09 00:00:00",0,1,"Stoke City","Liverpool"
"390","2015/2016",1,"2015-08-10 00:00:00",0,3,"West Bromwich Albion","Manchester City"
"391","2015/2016",10,"2015-10-24 00:00:00",2,1,"Arsenal","Everton"
"392","2015/2016",10,"2015-10-24 00:00:00",1,2,"Aston Villa","Swansea City"
"393","2015/2016",10,"2015-10-25 00:00:00",1,5,"Bournemouth","Tottenham Hotspur"
"394","2015/2016",10,"2015-10-24 00:00:00",1,0,"Leicester City","Crystal Palace"
"395","2015/2016",10,"2015-10-25 00:00:00",1,1,"Liverpool","Southampton"
"396","2015/2016",10,"2015-10-25 00:00:00",0,0,"Manchester United","Manchester City"
"397","2015/2016",10,"2015-10-24 00:00:00",0,1,"Norwich City","West Bromwich Albion"
"398","2015/2016",10,"2015-10-24 00:00:00",0,2,"Stoke City","Watford"
"399","2015/2016",10,"2015-10-25 00:00:00",3,0,"Sunderland","Newcastle United"
"400","2015/2016",10,"2015-10-24 00:00:00",2,1,"West Ham United","Chelsea"
"401","2015/2016",11,"2015-10-31 00:00:00",1,3,"Chelsea","Liverpool"
"402","2015/2016",11,"2015-10-31 00:00:00",0,0,"Crystal Palace","Manchester United"
"403","2015/2016",11,"2015-11-01 00:00:00",6,2,"Everton","Sunderland"
"404","2015/2016",11,"2015-10-31 00:00:00",2,1,"Manchester City","Norwich City"
"405","2015/2016",11,"2015-10-31 00:00:00",0,0,"Newcastle United","Stoke City"
"406","2015/2016",11,"2015-11-01 00:00:00",2,0,"Southampton","Bournemouth"
"407","2015/2016",11,"2015-10-31 00:00:00",0,3,"Swansea City","Arsenal"
"408","2015/2016",11,"2015-11-02 00:00:00",3,1,"Tottenham Hotspur","Aston Villa"
"409","2015/2016",11,"2015-10-31 00:00:00",2,0,"Watford","West Ham United"
"410","2015/2016",11,"2015-10-31 00:00:00",2,3,"West Bromwich Albion","Leicester City"
"411","2015/2016",12,"2015-11-08 00:00:00",1,1,"Arsenal","Tottenham Hotspur"
"412","2015/2016",12,"2015-11-08 00:00:00",0,0,"Aston Villa","Manchester City"
"413","2015/2016",12,"2015-11-07 00:00:00",0,1,"Bournemouth","Newcastle United"
"414","2015/2016",12,"2015-11-07 00:00:00",2,1,"Leicester City","Watford"
"415","2015/2016",12,"2015-11-08 00:00:00",1,2,"Liverpool","Crystal Palace"
"416","2015/2016",12,"2015-11-07 00:00:00",2,0,"Manchester United","West Bromwich Albion"
"417","2015/2016",12,"2015-11-07 00:00:00",1,0,"Norwich City","Swansea City"
"418","2015/2016",12,"2015-11-07 00:00:00",1,0,"Stoke City","Chelsea"
"419","2015/2016",12,"2015-11-07 00:00:00",0,1,"Sunderland","Southampton"
"420","2015/2016",12,"2015-11-07 00:00:00",1,1,"West Ham United","Everton"
"421","2015/2016",13,"2015-11-21 00:00:00",1,0,"Chelsea","Norwich City"
"422","2015/2016",13,"2015-11-23 00:00:00",0,1,"Crystal Palace","Sunderland"
"423","2015/2016",13,"2015-11-21 00:00:00",4,0,"Everton","Aston Villa"
"424","2015/2016",13,"2015-11-21 00:00:00",1,4,"Manchester City","Liverpool"
"425","2015/2016",13,"2015-11-21 00:00:00",0,3,"Newcastle United","Leicester City"
"426","2015/2016",13,"2015-11-21 00:00:00",0,1,"Southampton","Stoke City"
"427","2015/2016",13,"2015-11-21 00:00:00",2,2,"Swansea City","Bournemouth"
"428","2015/2016",13,"2015-11-22 00:00:00",4,1,"Tottenham Hotspur","West Ham United"
"429","2015/2016",13,"2015-11-21 00:00:00",1,2,"Watford","Manchester United"
"430","2015/2016",13,"2015-11-21 00:00:00",2,1,"West Bromwich Albion","Arsenal"
"431","2015/2016",14,"2015-11-28 00:00:00",2,3,"Aston Villa","Watford"
"432","2015/2016",14,"2015-11-28 00:00:00",3,3,"Bournemouth","Everton"
"433","2015/2016",14,"2015-11-28 00:00:00",5,1,"Crystal Palace","Newcastle United"
"434","2015/2016",14,"2015-11-28 00:00:00",1,1,"Leicester City","Manchester United"
"435","2015/2016",14,"2015-11-29 00:00:00",1,0,"Liverpool","Swansea City"
"436","2015/2016",14,"2015-11-28 00:00:00",3,1,"Manchester City","Southampton"
"437","2015/2016",14,"2015-11-29 00:00:00",1,1,"Norwich City","Arsenal"
"438","2015/2016",14,"2015-11-28 00:00:00",2,0,"Sunderland","Stoke City"
"439","2015/2016",14,"2015-11-29 00:00:00",0,0,"Tottenham Hotspur","Chelsea"
"440","2015/2016",14,"2015-11-29 00:00:00",1,1,"West Ham United","West Bromwich Albion"
"441","2015/2016",15,"2015-12-05 00:00:00",3,1,"Arsenal","Sunderland"
"442","2015/2016",15,"2015-12-05 00:00:00",0,1,"Chelsea","Bournemouth"
"443","2015/2016",15,"2015-12-07 00:00:00",1,1,"Everton","Crystal Palace"
"444","2015/2016",15,"2015-12-05 00:00:00",0,0,"Manchester United","West Ham United"
"445","2015/2016",15,"2015-12-06 00:00:00",2,0,"Newcastle United","Liverpool"
"446","2015/2016",15,"2015-12-05 00:00:00",1,1,"Southampton","Aston Villa"
"447","2015/2016",15,"2015-12-05 00:00:00",2,0,"Stoke City","Manchester City"
"448","2015/2016",15,"2015-12-05 00:00:00",0,3,"Swansea City","Leicester City"
"449","2015/2016",15,"2015-12-05 00:00:00",2,0,"Watford","Norwich City"
"450","2015/2016",15,"2015-12-05 00:00:00",1,1,"West Bromwich Albion","Tottenham Hotspur"
"451","2015/2016",16,"2015-12-13 00:00:00",0,2,"Aston Villa","Arsenal"
"452","2015/2016",16,"2015-12-12 00:00:00",2,1,"Bournemouth","Manchester United"
"453","2015/2016",16,"2015-12-12 00:00:00",1,0,"Crystal Palace","Southampton"
"454","2015/2016",16,"2015-12-14 00:00:00",2,1,"Leicester City","Chelsea"
"455","2015/2016",16,"2015-12-13 00:00:00",2,2,"Liverpool","West Bromwich Albion"
"456","2015/2016",16,"2015-12-12 00:00:00",2,1,"Manchester City","Swansea City"
"457","2015/2016",16,"2015-12-12 00:00:00",1,1,"Norwich City","Everton"
"458","2015/2016",16,"2015-12-12 00:00:00",0,1,"Sunderland","Watford"
"459","2015/2016",16,"2015-12-13 00:00:00",1,2,"Tottenham Hotspur","Newcastle United"
"460","2015/2016",16,"2015-12-12 00:00:00",0,0,"West Ham United","Stoke City"
"461","2015/2016",17,"2015-12-21 00:00:00",2,1,"Arsenal","Manchester City"
"462","2015/2016",17,"2015-12-19 00:00:00",3,1,"Chelsea","Sunderland"
"463","2015/2016",17,"2015-12-19 00:00:00",2,3,"Everton","Leicester City"
"464","2015/2016",17,"2015-12-19 00:00:00",1,2,"Manchester United","Norwich City"
"465","2015/2016",17,"2015-12-19 00:00:00",1,1,"Newcastle United","Aston Villa"
"466","2015/2016",17,"2015-12-19 00:00:00",0,2,"Southampton","Tottenham Hotspur"
"467","2015/2016",17,"2015-12-19 00:00:00",1,2,"Stoke City","Crystal Palace"
"468","2015/2016",17,"2015-12-20 00:00:00",0,0,"Swansea City","West Ham United"
"469","2015/2016",17,"2015-12-20 00:00:00",3,0,"Watford","Liverpool"
"470","2015/2016",17,"2015-12-19 00:00:00",1,2,"West Bromwich Albion","Bournemouth"
"471","2015/2016",18,"2015-12-26 00:00:00",1,1,"Aston Villa","West Ham United"
"472","2015/2016",18,"2015-12-26 00:00:00",0,0,"Bournemouth","Crystal Palace"
"473","2015/2016",18,"2015-12-26 00:00:00",2,2,"Chelsea","Watford"
"474","2015/2016",18,"2015-12-26 00:00:00",1,0,"Liverpool","Leicester City"
"475","2015/2016",18,"2015-12-26 00:00:00",4,1,"Manchester City","Sunderland"
"476","2015/2016",18,"2015-12-26 00:00:00",0,1,"Newcastle United","Everton"
"477","2015/2016",18,"2015-12-26 00:00:00",4,0,"Southampton","Arsenal"
"478","2015/2016",18,"2015-12-26 00:00:00",2,0,"Stoke City","Manchester United"
"479","2015/2016",18,"2015-12-26 00:00:00",1,0,"Swansea City","West Bromwich Albion"
"480","2015/2016",18,"2015-12-26 00:00:00",3,0,"Tottenham Hotspur","Norwich City"
"481","2015/2016",19,"2015-12-28 00:00:00",2,0,"Arsenal","Bournemouth"
"482","2015/2016",19,"2015-12-28 00:00:00",0,0,"Crystal Palace","Swansea City"
"483","2015/2016",19,"2015-12-28 00:00:00",3,4,"Everton","Stoke City"
"484","2015/2016",19,"2015-12-29 00:00:00",0,0,"Leicester City","Manchester City"
"485","2015/2016",19,"2015-12-28 00:00:00",0,0,"Manchester United","Chelsea"
"486","2015/2016",19,"2015-12-28 00:00:00",2,0,"Norwich City","Aston Villa"
"487","2015/2016",19,"2015-12-30 00:00:00",0,1,"Sunderland","Liverpool"
"488","2015/2016",19,"2015-12-28 00:00:00",1,2,"Watford","Tottenham Hotspur"
"489","2015/2016",19,"2015-12-28 00:00:00",1,0,"West Bromwich Albion","Newcastle United"
"490","2015/2016",19,"2015-12-28 00:00:00",2,1,"West Ham United","Southampton"
"491","2015/2016",2,"2015-08-14 00:00:00",0,1,"Aston Villa","Manchester United"
"492","2015/2016",2,"2015-08-16 00:00:00",1,2,"Crystal Palace","Arsenal"
"493","2015/2016",2,"2015-08-17 00:00:00",1,0,"Liverpool","Bournemouth"
"494","2015/2016",2,"2015-08-16 00:00:00",3,0,"Manchester City","Chelsea"
"495","2015/2016",2,"2015-08-15 00:00:00",0,3,"Southampton","Everton"
"496","2015/2016",2,"2015-08-15 00:00:00",1,3,"Sunderland","Norwich City"
"497","2015/2016",2,"2015-08-15 00:00:00",2,0,"Swansea City","Newcastle United"
"498","2015/2016",2,"2015-08-15 00:00:00",2,2,"Tottenham Hotspur","Stoke City"
"499","2015/2016",2,"2015-08-15 00:00:00",0,0,"Watford","West Bromwich Albion"
"500","2015/2016",2,"2015-08-15 00:00:00",1,2,"West Ham United","Leicester City"
"501","2015/2016",20,"2016-01-02 00:00:00",1,0,"Arsenal","Newcastle United"
"502","2015/2016",20,"2016-01-03 00:00:00",0,3,"Crystal Palace","Chelsea"
"503","2015/2016",20,"2016-01-03 00:00:00",1,1,"Everton","Tottenham Hotspur"
"504","2015/2016",20,"2016-01-02 00:00:00",0,0,"Leicester City","Bournemouth"
"505","2015/2016",20,"2016-01-02 00:00:00",2,1,"Manchester United","Swansea City"
"506","2015/2016",20,"2016-01-02 00:00:00",1,0,"Norwich City","Southampton"
"507","2015/2016",20,"2016-01-02 00:00:00",3,1,"Sunderland","Aston Villa"
"508","2015/2016",20,"2016-01-02 00:00:00",1,2,"Watford","Manchester City"
"509","2015/2016",20,"2016-01-02 00:00:00",2,1,"West Bromwich Albion","Stoke City"
"510","2015/2016",20,"2016-01-02 00:00:00",2,0,"West Ham United","Liverpool"
"511","2015/2016",21,"2016-01-12 00:00:00",1,0,"Aston Villa","Crystal Palace"
"512","2015/2016",21,"2016-01-12 00:00:00",1,3,"Bournemouth","West Ham United"
"513","2015/2016",21,"2016-01-13 00:00:00",2,4,"Swansea City","Sunderland"
"514","2015/2016",21,"2016-01-13 00:00:00",3,3,"Liverpool","Arsenal"
"515","2015/2016",21,"2016-01-13 00:00:00",2,2,"Chelsea","West Bromwich Albion"
"516","2015/2016",21,"2016-01-13 00:00:00",0,0,"Manchester City","Everton"
"517","2015/2016",21,"2016-01-12 00:00:00",3,3,"Newcastle United","Manchester United"
"518","2015/2016",21,"2016-01-13 00:00:00",2,0,"Southampton","Watford"
"519","2015/2016",21,"2016-01-13 00:00:00",3,1,"Stoke City","Norwich City"
"520","2015/2016",21,"2016-01-13 00:00:00",0,1,"Tottenham Hotspur","Leicester City"
"521","2015/2016",22,"2016-01-16 00:00:00",1,1,"Aston Villa","Leicester City"
"522","2015/2016",22,"2016-01-16 00:00:00",3,0,"Bournemouth","Norwich City"
"523","2015/2016",22,"2016-01-16 00:00:00",3,3,"Chelsea","Everton"
"524","2015/2016",22,"2016-01-17 00:00:00",0,1,"Liverpool","Manchester United"
"525","2015/2016",22,"2016-01-16 00:00:00",4,0,"Manchester City","Crystal Palace"
"526","2015/2016",22,"2016-01-16 00:00:00",2,1,"Newcastle United","West Ham United"
"527","2015/2016",22,"2016-01-16 00:00:00",3,0,"Southampton","West Bromwich Albion"
"528","2015/2016",22,"2016-01-17 00:00:00",0,0,"Stoke City","Arsenal"
"529","2015/2016",22,"2016-01-18 00:00:00",1,0,"Swansea City","Watford"
"530","2015/2016",22,"2016-01-16 00:00:00",4,1,"Tottenham Hotspur","Sunderland"
"531","2015/2016",23,"2016-01-24 00:00:00",0,1,"Arsenal","Chelsea"
"532","2015/2016",23,"2016-01-23 00:00:00",1,3,"Crystal Palace","Tottenham Hotspur"
"533","2015/2016",23,"2016-01-24 00:00:00",1,2,"Everton","Swansea City"
"534","2015/2016",23,"2016-01-23 00:00:00",3,0,"Leicester City","Stoke City"
"535","2015/2016",23,"2016-01-23 00:00:00",0,1,"Manchester United","Southampton"
"536","2015/2016",23,"2016-01-23 00:00:00",4,5,"Norwich City","Liverpool"
"537","2015/2016",23,"2016-01-23 00:00:00",1,1,"Sunderland","Bournemouth"
"538","2015/2016",23,"2016-01-23 00:00:00",2,1,"Watford","Newcastle United"
"539","2015/2016",23,"2016-01-23 00:00:00",0,0,"West Bromwich Albion","Aston Villa"
"540","2015/2016",23,"2016-01-23 00:00:00",2,2,"West Ham United","Manchester City"
"541","2015/2016",24,"2016-02-02 00:00:00",0,0,"Arsenal","Southampton"
"542","2015/2016",24,"2016-02-02 00:00:00",2,0,"Leicester City","Liverpool"
"543","2015/2016",24,"2016-02-02 00:00:00",0,3,"Norwich City","Tottenham Hotspur"
"544","2015/2016",24,"2016-02-02 00:00:00",0,1,"Sunderland","Manchester City"
"545","2015/2016",24,"2016-02-03 00:00:00",0,0,"Watford","Chelsea"
"546","2015/2016",24,"2016-02-02 00:00:00",2,0,"West Ham United","Aston Villa"
"547","2015/2016",24,"2016-02-02 00:00:00",1,2,"Crystal Palace","Bournemouth"
"548","2015/2016",24,"2016-02-02 00:00:00",3,0,"Manchester United","Stoke City"
"549","2015/2016",24,"2016-02-02 00:00:00",1,1,"West Bromwich Albion","Swansea City"
"550","2015/2016",24,"2016-02-03 00:00:00",3,0,"Everton","Newcastle United"
"551","2015/2016",25,"2016-02-06 00:00:00",2,0,"Aston Villa","Norwich City"
"552","2015/2016",25,"2016-02-07 00:00:00",0,2,"Bournemouth","Arsenal"
"553","2015/2016",25,"2016-02-07 00:00:00",1,1,"Chelsea","Manchester United"
"554","2015/2016",25,"2016-02-06 00:00:00",2,2,"Liverpool","Sunderland"
"555","2015/2016",25,"2016-02-06 00:00:00",1,3,"Manchester City","Leicester City"
"556","2015/2016",25,"2016-02-06 00:00:00",1,0,"Newcastle United","West Bromwich Albion"
"557","2015/2016",25,"2016-02-06 00:00:00",1,0,"Southampton","West Ham United"
"558","2015/2016",25,"2016-02-06 00:00:00",0,3,"Stoke City","Everton"
"559","2015/2016",25,"2016-02-06 00:00:00",1,1,"Swansea City","Crystal Palace"
"560","2015/2016",25,"2016-02-06 00:00:00",1,0,"Tottenham Hotspur","Watford"
"561","2015/2016",26,"2016-02-14 00:00:00",2,1,"Arsenal","Leicester City"
"562","2015/2016",26,"2016-02-14 00:00:00",0,6,"Aston Villa","Liverpool"
"563","2015/2016",26,"2016-02-13 00:00:00",1,3,"Bournemouth","Stoke City"
"564","2015/2016",26,"2016-02-13 00:00:00",5,1,"Chelsea","Newcastle United"
"565","2015/2016",26,"2016-02-13 00:00:00",1,2,"Crystal Palace","Watford"
"566","2015/2016",26,"2016-02-13 00:00:00",0,1,"Everton","West Bromwich Albion"
"567","2015/2016",26,"2016-02-14 00:00:00",1,2,"Manchester City","Tottenham Hotspur"
"568","2015/2016",26,"2016-02-13 00:00:00",2,2,"Norwich City","West Ham United"
"569","2015/2016",26,"2016-02-13 00:00:00",2,1,"Sunderland","Manchester United"
"570","2015/2016",26,"2016-02-13 00:00:00",0,1,"Swansea City","Southampton"
"571","2015/2016",27,"2016-02-27 00:00:00",1,0,"Leicester City","Norwich City"
"572","2015/2016",27,"2016-04-20 00:00:00",4,0,"Liverpool","Everton"
"573","2015/2016",27,"2016-02-28 00:00:00",3,2,"Manchester United","Arsenal"
"574","2015/2016",27,"2016-04-19 00:00:00",1,1,"Newcastle United","Manchester City"
"575","2015/2016",27,"2016-02-27 00:00:00",1,2,"Southampton","Chelsea"
"576","2015/2016",27,"2016-02-27 00:00:00",2,1,"Stoke City","Aston Villa"
"577","2015/2016",27,"2016-02-28 00:00:00",2,1,"Tottenham Hotspur","Swansea City"
"578","2015/2016",27,"2016-02-27 00:00:00",0,0,"Watford","Bournemouth"
"579","2015/2016",27,"2016-02-27 00:00:00",3,2,"West Bromwich Albion","Crystal Palace"
"580","2015/2016",27,"2016-02-27 00:00:00",1,0,"West Ham United","Sunderland"
"581","2015/2016",28,"2016-03-02 00:00:00",1,2,"Arsenal","Swansea City"
"582","2015/2016",28,"2016-03-01 00:00:00",1,3,"Aston Villa","Everton"
"583","2015/2016",28,"2016-03-01 00:00:00",2,0,"Bournemouth","Southampton"
"584","2015/2016",28,"2016-03-01 00:00:00",2,2,"Leicester City","West Bromwich Albion"
"585","2015/2016",28,"2016-03-01 00:00:00",1,2,"Norwich City","Chelsea"
"586","2015/2016",28,"2016-03-01 00:00:00",2,2,"Sunderland","Crystal Palace"
"587","2015/2016",28,"2016-03-02 00:00:00",1,0,"West Ham United","Tottenham Hotspur"
"588","2015/2016",28,"2016-03-02 00:00:00",3,0,"Liverpool","Manchester City"
"589","2015/2016",28,"2016-03-02 00:00:00",1,0,"Manchester United","Watford"
"590","2015/2016",28,"2016-03-02 00:00:00",1,0,"Stoke City","Newcastle United"
"591","2015/2016",29,"2016-03-05 00:00:00",1,1,"Chelsea","Stoke City"
"592","2015/2016",29,"2016-03-06 00:00:00",1,2,"Crystal Palace","Liverpool"
"593","2015/2016",29,"2016-03-05 00:00:00",2,3,"Everton","West Ham United"
"594","2015/2016",29,"2016-03-05 00:00:00",4,0,"Manchester City","Aston Villa"
"595","2015/2016",29,"2016-03-05 00:00:00",1,3,"Newcastle United","Bournemouth"
"596","2015/2016",29,"2016-03-05 00:00:00",1,1,"Southampton","Sunderland"
"597","2015/2016",29,"2016-03-05 00:00:00",1,0,"Swansea City","Norwich City"
"598","2015/2016",29,"2016-03-05 00:00:00",2,2,"Tottenham Hotspur","Arsenal"
"599","2015/2016",29,"2016-03-05 00:00:00",0,1,"Watford","Leicester City"
"600","2015/2016",29,"2016-03-06 00:00:00",1,0,"West Bromwich Albion","Manchester United"
"601","2015/2016",3,"2015-08-24 00:00:00",0,0,"Arsenal","Liverpool"
"602","2015/2016",3,"2015-08-22 00:00:00",2,1,"Crystal Palace","Aston Villa"
"603","2015/2016",3,"2015-08-23 00:00:00",0,2,"Everton","Manchester City"
"604","2015/2016",3,"2015-08-22 00:00:00",1,1,"Leicester City","Tottenham Hotspur"
"605","2015/2016",3,"2015-08-22 00:00:00",0,0,"Manchester United","Newcastle United"
"606","2015/2016",3,"2015-08-22 00:00:00",1,1,"Norwich City","Stoke City"
"607","2015/2016",3,"2015-08-22 00:00:00",1,1,"Sunderland","Swansea City"
"608","2015/2016",3,"2015-08-23 00:00:00",0,0,"Watford","Southampton"
"609","2015/2016",3,"2015-08-23 00:00:00",2,3,"West Bromwich Albion","Chelsea"
"610","2015/2016",3,"2015-08-22 00:00:00",3,4,"West Ham United","Bournemouth"
"611","2015/2016",30,"2016-04-21 00:00:00",2,0,"Arsenal","West Bromwich Albion"
"612","2015/2016",30,"2016-03-13 00:00:00",0,2,"Aston Villa","Tottenham Hotspur"
"613","2015/2016",30,"2016-03-12 00:00:00",3,2,"Bournemouth","Swansea City"
"614","2015/2016",30,"2016-03-14 00:00:00",1,0,"Leicester City","Newcastle United"
"615","2015/2016",30,"2016-05-11 00:00:00",1,1,"Liverpool","Chelsea"
"616","2015/2016",30,"2016-04-20 00:00:00",2,0,"Manchester United","Crystal Palace"
"617","2015/2016",30,"2016-03-12 00:00:00",0,0,"Norwich City","Manchester City"
"618","2015/2016",30,"2016-03-12 00:00:00",1,2,"Stoke City","Southampton"
"619","2015/2016",30,"2016-05-11 00:00:00",3,0,"Sunderland","Everton"
"620","2015/2016",30,"2016-04-20 00:00:00",3,1,"West Ham United","Watford"
"621","2015/2016",31,"2016-03-19 00:00:00",2,2,"Chelsea","West Ham United"
"622","2015/2016",31,"2016-03-19 00:00:00",0,1,"Crystal Palace","Leicester City"
"623","2015/2016",31,"2016-03-19 00:00:00",0,2,"Everton","Arsenal"
"624","2015/2016",31,"2016-03-20 00:00:00",0,1,"Manchester City","Manchester United"
"625","2015/2016",31,"2016-03-20 00:00:00",1,1,"Newcastle United","Sunderland"
"626","2015/2016",31,"2016-03-20 00:00:00",3,2,"Southampton","Liverpool"
"627","2015/2016",31,"2016-03-19 00:00:00",1,0,"Swansea City","Aston Villa"
"628","2015/2016",31,"2016-03-20 00:00:00",3,0,"Tottenham Hotspur","Bournemouth"
"629","2015/2016",31,"2016-03-19 00:00:00",1,2,"Watford","Stoke City"
"630","2015/2016",31,"2016-03-19 00:00:00",0,1,"West Bromwich Albion","Norwich City"
"631","2015/2016",32,"2016-04-02 00:00:00",4,0,"Arsenal","Watford"
"632","2015/2016",32,"2016-04-02 00:00:00",0,4,"Aston Villa","Chelsea"
"633","2015/2016",32,"2016-04-02 00:00:00",0,4,"Bournemouth","Manchester City"
"634","2015/2016",32,"2016-04-03 00:00:00",1,0,"Leicester City","Southampton"
"635","2015/2016",32,"2016-04-02 00:00:00",1,1,"Liverpool","Tottenham Hotspur"
"636","2015/2016",32,"2016-04-03 00:00:00",1,0,"Manchester United","Everton"
"637","2015/2016",32,"2016-04-02 00:00:00",3,2,"Norwich City","Newcastle United"
"638","2015/2016",32,"2016-04-02 00:00:00",2,2,"Stoke City","Swansea City"
"639","2015/2016",32,"2016-04-02 00:00:00",0,0,"Sunderland","West Bromwich Albion"
"640","2015/2016",32,"2016-04-02 00:00:00",2,2,"West Ham United","Crystal Palace"
"641","2015/2016",33,"2016-04-09 00:00:00",1,2,"Aston Villa","Bournemouth"
"642","2015/2016",33,"2016-04-09 00:00:00",1,0,"Crystal Palace","Norwich City"
"643","2015/2016",33,"2016-04-10 00:00:00",4,1,"Liverpool","Stoke City"
"644","2015/2016",33,"2016-04-09 00:00:00",2,1,"Manchester City","West Bromwich Albion"
"645","2015/2016",33,"2016-04-09 00:00:00",3,1,"Southampton","Newcastle United"
"646","2015/2016",33,"2016-04-10 00:00:00",0,2,"Sunderland","Leicester City"
"647","2015/2016",33,"2016-04-09 00:00:00",1,0,"Swansea City","Chelsea"
"648","2015/2016",33,"2016-04-10 00:00:00",3,0,"Tottenham Hotspur","Manchester United"
"649","2015/2016",33,"2016-04-09 00:00:00",1,1,"Watford","Everton"
"650","2015/2016",33,"2016-04-09 00:00:00",3,3,"West Ham United","Arsenal"
"651","2015/2016",34,"2016-04-17 00:00:00",1,1,"Arsenal","Crystal Palace"
"652","2015/2016",34,"2016-04-17 00:00:00",1,2,"Bournemouth","Liverpool"
"653","2015/2016",34,"2016-04-16 00:00:00",0,3,"Chelsea","Manchester City"
"654","2015/2016",34,"2016-04-16 00:00:00",1,1,"Everton","Southampton"
"655","2015/2016",34,"2016-04-17 00:00:00",2,2,"Leicester City","West Ham United"
"656","2015/2016",34,"2016-04-16 00:00:00",1,0,"Manchester United","Aston Villa"
"657","2015/2016",34,"2016-04-16 00:00:00",3,0,"Newcastle United","Swansea City"
"658","2015/2016",34,"2016-04-16 00:00:00",0,3,"Norwich City","Sunderland"
"659","2015/2016",34,"2016-04-18 00:00:00",0,4,"Stoke City","Tottenham Hotspur"
"660","2015/2016",34,"2016-04-16 00:00:00",0,1,"West Bromwich Albion","Watford"
"661","2015/2016",35,"2016-04-23 00:00:00",2,4,"Aston Villa","Southampton"
"662","2015/2016",35,"2016-04-23 00:00:00",1,4,"Bournemouth","Chelsea"
"663","2015/2016",35,"2016-04-13 00:00:00",0,0,"Crystal Palace","Everton"
"664","2015/2016",35,"2016-04-24 00:00:00",4,0,"Leicester City","Swansea City"
"665","2015/2016",35,"2016-04-23 00:00:00",2,2,"Liverpool","Newcastle United"
"666","2015/2016",35,"2016-04-23 00:00:00",4,0,"Manchester City","Stoke City"
"667","2015/2016",35,"2016-05-11 00:00:00",4,2,"Norwich City","Watford"
"668","2015/2016",35,"2016-04-24 00:00:00",0,0,"Sunderland","Arsenal"
"669","2015/2016",35,"2016-04-25 00:00:00",1,1,"Tottenham Hotspur","West Bromwich Albion"
"670","2015/2016",35,"2016-05-10 00:00:00",3,2,"West Ham United","Manchester United"
"671","2015/2016",36,"2016-04-30 00:00:00",1,0,"Arsenal","Norwich City"
"672","2015/2016",36,"2016-05-02 00:00:00",2,2,"Chelsea","Tottenham Hotspur"
"673","2015/2016",36,"2016-04-30 00:00:00",2,1,"Everton","Bournemouth"
"674","2015/2016",36,"2016-05-01 00:00:00",1,1,"Manchester United","Leicester City"
"675","2015/2016",36,"2016-04-30 00:00:00",1,0,"Newcastle United","Crystal Palace"
"676","2015/2016",36,"2016-05-01 00:00:00",4,2,"Southampton","Manchester City"
"677","2015/2016",36,"2016-04-30 00:00:00",1,1,"Stoke City","Sunderland"
"678","2015/2016",36,"2016-05-01 00:00:00",3,1,"Swansea City","Liverpool"
"679","2015/2016",36,"2016-04-30 00:00:00",3,2,"Watford","Aston Villa"
"680","2015/2016",36,"2016-04-30 00:00:00",0,3,"West Bromwich Albion","West Ham United"
"681","2015/2016",37,"2016-05-07 00:00:00",0,0,"Aston Villa","Newcastle United"
"682","2015/2016",37,"2016-05-07 00:00:00",1,1,"Bournemouth","West Bromwich Albion"
"683","2015/2016",37,"2016-05-07 00:00:00",2,1,"Crystal Palace","Stoke City"
"684","2015/2016",37,"2016-05-07 00:00:00",3,1,"Leicester City","Everton"
"685","2015/2016",37,"2016-05-08 00:00:00",2,0,"Liverpool","Watford"
"686","2015/2016",37,"2016-05-08 00:00:00",2,2,"Manchester City","Arsenal"
"687","2015/2016",37,"2016-05-07 00:00:00",0,1,"Norwich City","Manchester United"
"688","2015/2016",37,"2016-05-07 00:00:00",3,2,"Sunderland","Chelsea"
"689","2015/2016",37,"2016-05-08 00:00:00",1,2,"Tottenham Hotspur","Southampton"
"690","2015/2016",37,"2016-05-07 00:00:00",1,4,"West Ham United","Swansea City"
"691","2015/2016",38,"2016-05-15 00:00:00",4,0,"Arsenal","Aston Villa"
"692","2015/2016",38,"2016-05-15 00:00:00",1,1,"Chelsea","Leicester City"
"693","2015/2016",38,"2016-05-15 00:00:00",3,0,"Everton","Norwich City"
"694","2015/2016",38,"2016-05-17 00:00:00",3,1,"Manchester United","Bournemouth"
"695","2015/2016",38,"2016-05-15 00:00:00",5,1,"Newcastle United","Tottenham Hotspur"
"696","2015/2016",38,"2016-05-15 00:00:00",4,1,"Southampton","Crystal Palace"
"697","2015/2016",38,"2016-05-15 00:00:00",2,1,"Stoke City","West Ham United"
"698","2015/2016",38,"2016-05-15 00:00:00",1,1,"Swansea City","Manchester City"
"699","2015/2016",38,"2016-05-15 00:00:00",2,2,"Watford","Sunderland"
"700","2015/2016",38,"2016-05-15 00:00:00",1,1,"West Bromwich Albion","Liverpool"
"701","2015/2016",4,"2015-08-29 00:00:00",2,2,"Aston Villa","Sunderland"
"702","2015/2016",4,"2015-08-29 00:00:00",1,1,"Bournemouth","Leicester City"
"703","2015/2016",4,"2015-08-29 00:00:00",1,2,"Chelsea","Crystal Palace"
"704","2015/2016",4,"2015-08-29 00:00:00",0,3,"Liverpool","West Ham United"
"705","2015/2016",4,"2015-08-29 00:00:00",2,0,"Manchester City","Watford"
"706","2015/2016",4,"2015-08-29 00:00:00",0,1,"Newcastle United","Arsenal"
"707","2015/2016",4,"2015-08-30 00:00:00",3,0,"Southampton","Norwich City"
"708","2015/2016",4,"2015-08-29 00:00:00",0,1,"Stoke City","West Bromwich Albion"
"709","2015/2016",4,"2015-08-30 00:00:00",2,1,"Swansea City","Manchester United"
"710","2015/2016",4,"2015-08-29 00:00:00",0,0,"Tottenham Hotspur","Everton"
"711","2015/2016",5,"2015-09-12 00:00:00",2,0,"Arsenal","Stoke City"
"712","2015/2016",5,"2015-09-12 00:00:00",0,1,"Crystal Palace","Manchester City"
"713","2015/2016",5,"2015-09-12 00:00:00",3,1,"Everton","Chelsea"
"714","2015/2016",5,"2015-09-13 00:00:00",3,2,"Leicester City","Aston Villa"
"715","2015/2016",5,"2015-09-12 00:00:00",3,1,"Manchester United","Liverpool"
"716","2015/2016",5,"2015-09-12 00:00:00",3,1,"Norwich City","Bournemouth"
"717","2015/2016",5,"2015-09-13 00:00:00",0,1,"Sunderland","Tottenham Hotspur"
"718","2015/2016",5,"2015-09-12 00:00:00",1,0,"Watford","Swansea City"
"719","2015/2016",5,"2015-09-12 00:00:00",0,0,"West Bromwich Albion","Southampton"
"720","2015/2016",5,"2015-09-14 00:00:00",2,0,"West Ham United","Newcastle United"
"721","2015/2016",6,"2015-09-19 00:00:00",0,1,"Aston Villa","West Bromwich Albion"
"722","2015/2016",6,"2015-09-19 00:00:00",2,0,"Bournemouth","Sunderland"
"723","2015/2016",6,"2015-09-19 00:00:00",2,0,"Chelsea","Arsenal"
"724","2015/2016",6,"2015-09-20 00:00:00",1,1,"Liverpool","Norwich City"
"725","2015/2016",6,"2015-09-19 00:00:00",1,2,"Manchester City","West Ham United"
"726","2015/2016",6,"2015-09-19 00:00:00",1,2,"Newcastle United","Watford"
"727","2015/2016",6,"2015-09-20 00:00:00",2,3,"Southampton","Manchester United"
"728","2015/2016",6,"2015-09-19 00:00:00",2,2,"Stoke City","Leicester City"
"729","2015/2016",6,"2015-09-19 00:00:00",0,0,"Swansea City","Everton"
"730","2015/2016",6,"2015-09-20 00:00:00",1,0,"Tottenham Hotspur","Crystal Palace"
"731","2015/2016",7,"2015-09-26 00:00:00",2,5,"Leicester City","Arsenal"
"732","2015/2016",7,"2015-09-26 00:00:00",3,2,"Liverpool","Aston Villa"
"733","2015/2016",7,"2015-09-26 00:00:00",3,0,"Manchester United","Sunderland"
"734","2015/2016",7,"2015-09-26 00:00:00",2,2,"Newcastle United","Chelsea"
"735","2015/2016",7,"2015-09-26 00:00:00",3,1,"Southampton","Swansea City"
"736","2015/2016",7,"2015-09-26 00:00:00",2,1,"Stoke City","Bournemouth"
"737","2015/2016",7,"2015-09-26 00:00:00",4,1,"Tottenham Hotspur","Manchester City"
"738","2015/2016",7,"2015-09-27 00:00:00",0,1,"Watford","Crystal Palace"
"739","2015/2016",7,"2015-09-28 00:00:00",2,3,"West Bromwich Albion","Everton"
"740","2015/2016",7,"2015-09-26 00:00:00",2,2,"West Ham United","Norwich City"
"741","2015/2016",8,"2015-10-04 00:00:00",3,0,"Arsenal","Manchester United"
"742","2015/2016",8,"2015-10-03 00:00:00",0,1,"Aston Villa","Stoke City"
"743","2015/2016",8,"2015-10-03 00:00:00",1,1,"Bournemouth","Watford"
"744","2015/2016",8,"2015-10-03 00:00:00",1,3,"Chelsea","Southampton"
"745","2015/2016",8,"2015-10-03 00:00:00",2,0,"Crystal Palace","West Bromwich Albion"
"746","2015/2016",8,"2015-10-04 00:00:00",1,1,"Everton","Liverpool"
"747","2015/2016",8,"2015-10-03 00:00:00",6,1,"Manchester City","Newcastle United"
"748","2015/2016",8,"2015-10-03 00:00:00",1,2,"Norwich City","Leicester City"
"749","2015/2016",8,"2015-10-03 00:00:00",2,2,"Sunderland","West Ham United"
"750","2015/2016",8,"2015-10-04 00:00:00",2,2,"Swansea City","Tottenham Hotspur"
"751","2015/2016",9,"2015-10-17 00:00:00",2,0,"Chelsea","Aston Villa"
"752","2015/2016",9,"2015-10-17 00:00:00",1,3,"Crystal Palace","West Ham United"
"753","2015/2016",9,"2015-10-17 00:00:00",0,3,"Everton","Manchester United"
"754","2015/2016",9,"2015-10-17 00:00:00",5,1,"Manchester City","Bournemouth"
"755","2015/2016",9,"2015-10-18 00:00:00",6,2,"Newcastle United","Norwich City"
"756","2015/2016",9,"2015-10-17 00:00:00",2,2,"Southampton","Leicester City"
"757","2015/2016",9,"2015-10-19 00:00:00",0,1,"Swansea City","Stoke City"
"758","2015/2016",9,"2015-10-17 00:00:00",0,0,"Tottenham Hotspur","Liverpool"
"759","2015/2016",9,"2015-10-17 00:00:00",0,3,"Watford","Arsenal"
"760","2015/2016",9,"2015-10-17 00:00:00",1,0,"West Bromwich Albion","Sunderland"
